1,旬野菜（夏）,1
2,なす,1
3,たまねぎ,1
4,きゅうり,1
5,白菜,1
6,じゃがいも,1
7,豚肉,2
8,鶏肉,2
9,牛肉,2
10,鶏むね肉,2
11,鶏もも肉,2
12,牛薄切り肉・牛こま切れ肉,2
13,豚薄切り肉,2
14,挽き肉,2
15,イカ,3
16,たこ,3
17,さば,3
18,あじ,3
19,鮭・サーモン,3
20,炒めご飯・チャーハン,4
21,どんぶりもの,4
22,ちらし寿司,4
23,ドリア,4
24,アレンジ丼,4
25,ジェノベーゼ,5
26,トマトソースパスタ,5
27,オイル・塩系パスタ,5
28,トマト系パスタ,5
29,ニョッキ,5
30,うどん,6
31,アレンジそうめん,6
32,蕎麦,6
33,冷たい蕎麦,6
34,サラダうどん,6
35,そうめん,6
36,中華スープ,7
37,トマトスープ,7
38,コンソメスープ,7
39,お味噌汁,7
40,ガスパチョ,7
41,生春巻き,8
42,洋風のサラダ,8
43,和風のサラダ,8
44,コールスローサラダ,8
45,中華風のサラダ,8
46,ポテトコロッケ,9
47,クリームコロッケ,9
48,メンチカツ,9
49,おからコロッケ,9
50,さつまいもコロッケ,9
51,もつ鍋,10
52,しゃぶしゃぶ,10
53,おでん,10
54,ちゃんこ鍋,10
55,水炊き,10
56,お好み焼き,11
57,たこ焼き,11
58,広島風お好み焼き,11
59,チヂミ,11
60,関西風お好み焼き,11
61,納豆,12
62,たまご,12
63,豆腐,12
64,厚揚げ,12
65,わかめ,13
66,干ししいたけ,13
67,ひじき,13
68,めかぶ,13
69,こんにゃく,13
70,ジェノベーゼソース,14
71,サラダドレッシング,14
72,パスタソース,14
73,トマトソース,14
74,万能タレ・ソース,14
75,鉄分たっぷり,15
76,食物繊維たっぷり,15
77,カロリーダウン・ノンオイル調理,15
78,カルシウムたっぷり,15
79,型抜きクッキー,16
80,絞り出しクッキー,16
81,マカロン,16
82,その他のクッキー,16
83,ビスコッティ,16
84,レアチーズケーキ,17
85,ベイクドチーズケーキ,17
86,スフレチーズケーキ,17
87,ニューヨークチーズケーキ,17
88,プレーンなパウンドケーキ,18
89,色々なパウンドケーキ,18
90,バナナブレッド,18
91,クグロフ型を使ったケーキ,18
92,基本のスポンジ,19
93,デコレーションケーキ,19
94,プレーンな生地のロールケーキ,20
95,色々な生地のロールケーキ,20
96,色々なアレンジシフォンケーキ,21
97,オーソドックスなシフォン,21
98,ベイクドタルト,22
99,フレッシュタルト,22
100,タルト台,22
101,パイシートを使ったお菓子,23
102,アップルパイ,23
103,手作りパイ生地,23
104,お食事パイ・キッシュ,23
105,ブラウニー,24
106,チョコレートケーキ,24
107,フォンダンショコラ,24
108,カップケーキ,25
109,色々なマフィン,25
110,甘くないお食事マフィン,25
111,プレーンな型抜きスコーン,26
112,アメリカンタイプのスコーン,26
113,色々アレンジスコーン,26
114,フィナンシェ,27
115,マドレーヌ,27
116,カスタードプリン,28
117,とろけるやわらかプリン,28
118,クレームブリュレ,28
119,色々なアレンジプリン,28
120,カスタードクリームの作り方,29
121,シュークリーム・エクレア,30
122,ゼリー・寒天,30
123,シャーベット,30
124,ムース・ババロア,30
125,アイスクリーム,30
126,ホットケーキミックスで作れるケーキ,31
127,ホットケーキミックスでお菓子作り,31
128,お団子,33
129,カステラ,33
130,羊羹,33
131,その他の和菓子,33
132,お饅頭・大福,33
133,さつまいものお菓子,34
134,かぼちゃのお菓子,34
135,にんじんのお菓子,34
136,いろんな野菜でお菓子,34
137,お豆腐スイーツ,35
138,豆乳スイーツ,35
139,おからクッキー,35
140,おからを使ったケーキ,35
141,バウムクーヘン,36
142,ワッフル,36
143,ヨーグルトのお菓子,36
144,パンケーキ,36
145,りんごを使ったお菓子,36
146,ジャム・コンフィチュール,38
147,クリーム・ソース,38
148,フランスパン,39
149,カンパーニュ,39
150,全粒粉、ライ麦、雑穀パン,40
151,バターロール,40
152,丸パン,40
153,胡桃パン,40
154,白パン,40
155,牛乳、生クリーム、卵を使ったパン,40
156,角食パン,41
157,山型食パン,41
158,アレンジ食パン,41
159,デニッシュ食パン,41
160,牛乳・生クリーム食パン,41
161,メロンパン,42
162,シナモンロール,42
163,菓子パン いろいろ,42
164,チョコパン・クリームパン,43
165,あんぱん,43
166,クロワッサン,43
167,デニッシュ,43
168,自作酵母の作り方,44
169,自作酵母を使ったパン,44
170,ホシノ酵母を使ったパン,44
171,ピザ,45
172,おかず系のパン,45
173,素材を練りこむパン,45
174,ダッチオーブンで作るパン,46
175,炊飯器を使ったパン,46
176,ホットケーキミックスを使ったパン,46
177,電子レンジを使ったパン,46
178,カレーパン,48
179,ドーナツ,48
180,揚げパン,48
181,蒸しパン,49
182,レンジ蒸しパン,49
183,ホットケーキミックスを使った蒸しパン,49
184,ホームベーカリーにおまかせ,50
185,ホームベーカリー使いこなし,50
186,ポンデケージョ,51
187,コーンブレッド,51
188,ドイツパン,51
189,イタリアのパン（フォカッチャ、グリッシーニ）,51
190,トースト,56
191,フレンチトースト,56
192,パンプディング,52
193,ラスク,52
194,ベーグルサンド,53
195,ベーグル,53
196,ベーグル使いこなし,53
197,サンドイッチ,54
198,ハンバーガー,54
199,ピタパン,55
200,コッペパン,55
201,ハーフバースデー,57
202,開始１ヵ月目〜,57
203,開始２ヵ月目〜,57
204,イベント,57
205,おかず系,58
206,おかゆ系,58
207,イベント,58
208,主食,59
209,主菜,59
210,副菜,59
211,イベント,59
212,主菜,60
213,主食,60
214,副菜,60
215,おやつ,60
216,バースデー,60
217,作りおき,61
218,お弁当,61
219,フライパンひとつ,61
220,ランチ,61
221,レンジで簡単,61
222,イタリアン・パスタ専門店の再現メニュー,62
223,その他飲食店の再現メニュー,62
224,ファミリーレストラン,62
225,ラーメン店の再現メニュー,62
226,その他飲食店,62
227,ぶどうのスイーツ,63
228,材料入れるだけ炊き込みご飯,63
229,秋のきのこ料理,63
230,梨のスイーツ,63
231,作り置き・冷凍できるおかず,64
232,お弁当のメインおかず,64
233,子どもが喜ぶ♪かわいいおかず,64
234,ローズマリー,65
235,にんにく,65
236,ミント,65
237,バジル,65
238,ガラムマサラ,65
239,大皿・メイン料理,66
240,夏！おもてなし料理,66
241,子どものパーティ,66
242,豆乳ドリンク,67
243,スムージー,67
244,ソーダドリンク,67
245,コーヒー,67
246,紅茶,67
247,圧力鍋,68
248,圧力鍋で煮込み,68
249,シリコンスチーマー,68
250,お餅,69
251,お餅活用レシピ,69
252,おせち,69
253,一の重（祝い肴・口取り）,69
254,数の子,69
255,持ち寄りレシピ,70
256,大皿料理,70
257,お菓子の家,70
258,プレゼントレシピ,70
259,缶詰アレンジ,71
260,日持ちのよい保存食,71
261,ガスを使わず簡単料理,71
262,あったか汁物,71
263,北海道・東北,72
264,長野県,72
265,広島県,72
266,中国,72
267,岩手県,72
268,ビーフストロガノフ,73
269,その他ロシア料理,73
270,ピロシキ,73
271,ボルシチ,73
272,ペリメニ,73
273,塩レモンの活用方法,74
274,塩レモンを使った肉料理,74
275,塩レモンを使った野菜料理,74
276,肉料理,75
277,野菜料理,75
278,ごはんもの,75
279,魚介料理,75
280,塩麹,76
281,キムチ ,76
282,酢,76
283,味噌（みそ）,76
284,醤油麹,76
285,ビールに合うおつまみ,77
286,ワインに合うおつまみ,77
287,日本酒に合うおつまみ,77
288,バンバンジー,78
289,チンジャオロース,78
290,ホイコーロー,78
291,八宝菜,78
292,エビマヨ,78
293,ロコモコ,79
294,アサイーボウル,79
295,ポキ,79
296,ガーリックシュリンプ,79
297,夏のさっぱりおかず,80
298,お肉のさっぱりおかず,80
299,火を使わない夏料理,80
300,夏のビールに合うおつまみ,80